PDB-id,Res-index,Phi,Psi
2CZ6,103,-176.47678243613606,-86.0293759316909
2CYZ,104,-173.4854147020018,-89.11548112081887
2D0Q,98,-167.5963335555765,-92.6829142656507
2D3M,176,-70.92356243563206,-6.8800669066366575
2D3M,879,-72.53210027382235,-6.7740479460489675
2CZ1,103,-175.06072234572375,-89.50953247468851
2C9H,176,-68.79579168200183,-17.52460513784903
2CZ0,103,-173.13689971283424,-86.20972681400889
2CZ0,105,-45.49223277931852,131.2302059137199
2D51,176,-69.75399516930489,-11.086967763588072
2D51,895,-70.56827983414927,-10.293628832905943
2D5F,296,-67.64047633098468,-10.763284639008582
2D5F,923,-70.47401499707713,-3.303212294666461
2GCU,234,66.41793357546587,21.102039631718633
2GCU,748,64.70390839906108,23.06323077785978
2HAI,222,56.29949443467741,63.218830228641444
2G82,148,-53.74229961047388,-45.14113010207128
2G82,664,-55.277069847522675,-45.70118935999232
2G82,1227,-55.403660582008555,-44.29471023508871
2G82,1796,-55.69354082064132,-44.53256858533421
2DXB,567,-168.7844474271248,-100.84480014336852
2DXB,1419,-167.39834302314077,-99.83879217877003
2DXB,2291,-168.07146695924285,-101.72077816983136
2DXB,3145,-167.67043010042147,-93.57087999147382
2FHX,182,-76.96510711803428,-5.065347286577727
2HL8,177,-66.1417731283382,-50.765734955158045
2EG3,190,-149.1414347954077,-125.58041266109102
2GDU,355,63.265786527809446,26.01205130686839
2GDU,1351,63.40999779044678,24.995899222573634
2H9W,70,-57.84665876519546,-24.34820792409777
2DXC,725,-166.66940798742337,-101.90901437148014
2DXC,1860,-166.93083481683496,-100.14930947972198
2DXC,2952,-168.12125114970334,-101.12270469604833
2DXC,4108,-166.26362413697169,-102.14892663113793
2NQT,152,-67.79765988232734,-47.870933186164024
2NQT,909,-64.75790034648803,-47.50098246164132
2PVZ,102,-120.52426823197843,107.86318500423236
2PVZ,896,-121.50992657743224,108.89320187829749
2P0U,174,-65.28602326986454,-9.294746036929114
2P0U,863,-59.710389534223445,-15.145169648658971
2OJP,19,-106.0739719166825,103.46321961304606
2OJP,700,-108.01178576319083,101.7562863393093
2OPL,52,67.57997979884695,20.605577610302557
2QDY,103,-173.998817396984,-91.13976814566887
2QDY,105,-46.030004341872825,134.25677467131857
2R3L,157,-67.23736095126083,125.06660553028789
2R3O,170,-63.59680307475312,123.21442670489446
2RIL,83,-134.37873190542763,114.49145945609473
2R3P,170,-61.618686859876235,123.66161381480394
2R3J,161,-69.7166018253873,126.73762716301219
2R3I,170,-61.014583066530754,130.09292618348584
2R3K,160,-64.40766957433618,122.50403777716677
2R3N,157,-62.7034337622215,121.41825978010222
2R3Q,168,-61.40136680091468,129.82663221283542
2R3M,161,-65.22153208223897,121.26351964764531
2RK6,104,72.87499267702191,-107.80061408959556
2Z1D,31,-153.48737947486956,111.93703063258606
2VYN,148,-57.07111436560654,-39.61677515079353
2VYN,287,-58.72895079404107,137.91986127760615
2VYN,699,-58.08642673998601,-38.59327841983921
2VYN,838,-64.09322137988873,135.74945764101548
2VYN,1245,-57.477569211252295,-43.413977549166404
2VYN,1384,-62.30926483614677,135.47041412731377
2VYN,1768,-60.197026490488064,-44.549543911726666
2WLR,361,-148.1549606740092,-141.85590395202263
2ZCF,104,-173.172639792143,-91.0839065892909
2ZPI,98,-170.32167096427634,-90.22629904775056
2ZZD,860,-166.36854692374536,-92.73186759376995
2ZZD,862,-38.67476597799758,123.63303682824255
2ZZD,2218,-167.6257851628599,-93.79266829315517
2ZZD,2220,-39.90688791301437,122.27467207181667
2ZZD,3532,-167.0300303851417,-93.56890142300301
2ZZD,3534,-37.90681526261402,123.24878376054112
2ZZD,4883,-167.14198242827499,-94.43922953126635
2ZZD,4885,-41.861090045371824,124.78349978680657
3BC3,24,-52.08540171082417,-38.08849518119647
3A8L,103,-169.19599582573142,-92.85336425431647
3A8H,99,-168.3767603307989,-94.52339844750585
3C5Y,72,-162.9285976472336,-161.37280501805526
3C5Y,483,-163.89161192729307,-149.76417135980668
3C5Y,911,-170.77845039320732,-157.2872008037509
3C5Y,1245,-166.84620048828347,-153.4683845843951
2ZPE,103,-170.98183840795488,-92.80922545797249
3A8G,103,-172.79071225064578,-93.67401894691184
3A8M,103,-174.91303708753122,-91.4016330109408
3A8M,105,-46.38467568592002,132.02318545504997
3A8O,103,-170.6446504584439,-92.93532248230747
2ZPG,103,-168.87588403102623,-90.83771078168533
2ZPB,103,-169.63857495271736,-89.09039153202298
2ZPF,103,-169.48836851863123,-92.16231954758746
2ZPH,98,-169.31675698040945,-92.25970517456308
3BC2,155,-77.80415498408203,1.9134957942189896
3AWK,154,-74.59677885311436,-2.5417156924716937
3H4H,307,-91.18443748314479,-29.216434349871218
3H4H,1142,-95.0604599230926,-29.87215583830405
3H4H,1932,-93.61550879587662,-26.20391427663569
3EUT,142,-60.68527833951472,-22.937717493148064
3EUT,722,-58.32920883944645,-22.606570342778845
3EZG,104,71.7646088207491,-110.73169254075614
3F5V,33,-58.01574654881831,-30.340285555152356
3CYF,103,75.4148007625487,-113.65617294074917
3EUO,142,-60.69166052010943,-26.124016928756443
3EUO,876,-58.21268525658097,-24.191319373242717
3KI8,144,49.45027706727132,-122.60285926782541
3KI8,611,47.97667918049535,-123.72843506725943
3HHT,109,-169.15510211220115,-93.06588456947702
3HHT,111,-47.975228604974035,134.45201261826438
3IL9,111,-64.97230049795813,-19.036072119943267
3IL9,608,-67.03156469678974,-19.14440252105651
3I1H,15,-68.6409198213992,-49.9124124919763
3H56,308,-96.35723968842025,-28.242659110169317
3IW3,144,54.47149440133828,-116.71947422169438
3IW3,558,54.89673624266276,-127.69656868368568
3MI2,81,-57.608136645308555,-54.67524789682442
3MI2,673,-57.579820746596354,-53.69207328793119
3OQP,120,-63.12726466416693,-50.281564429395246
3OQP,566,-64.27862618797806,-45.64447791041461
3P5U,24,-50.25744618015788,-40.18554345490063
3NRA,308,-82.03681371427655,123.99223892838566
3NRA,1003,-84.6602944656627,122.93436428189291
3LQY,123,-80.60724266267472,-27.822949500789964
3QYH,108,-167.55392187061693,-88.50951318011452
3QYH,110,-56.588133404731714,132.90679447736062
3PHU,40,-59.372577851849485,-23.201365521759506
3QYG,108,-165.0681965208091,-91.31767388772697
3QYG,110,-51.42455025462732,136.58025878979686
3QZ9,108,-163.1069986648582,-86.74515135486114
3QZ9,110,-55.65527919116023,136.00789506240457
3SGU,52,-67.75447896117691,152.59045753923843
3PG8,35,-80.07013492087735,-14.763892293533159
3PG8,417,-71.0651919695853,-13.73060407457401
3QXE,108,-167.18968726933326,-91.75114886311232
3QXE,110,-49.919846910190365,136.168849229959
3TKS,652,-51.06773927881144,-54.579000782080556
3TKS,967,-49.21098186597492,-54.54419881146385
3U7L,110,-158.3342508784649,138.29782587390702
3T6S,115,-64.28483510522638,-21.501688766395752
3TB2,45,-57.75693188340901,-39.4964837714239
3TB2,438,-52.77925190962681,-42.765813004395845
3T8E,115,-65.26503576268897,-14.64664906287771
3T8E,624,-61.23575884734363,-31.37230884254312
3TKK,38,-49.24213692472303,-31.49361367999759
3TKK,634,-46.3437077204737,-30.374937196510615
3SMH,241,-127.32634967502196,113.75545435317582
3SMH,675,-126.76883751472884,114.45158092807024
3SMH,1104,-126.51817748367569,114.65144429692751
3X20,103,-172.85678149727346,-90.83582778594989
3WEU,53,-94.46334604558126,138.79186223011476
3WEU,1298,-96.12353539618533,136.6707200534306
3VYG,580,-170.36986693059316,-94.48685797672327
3VYG,1489,-173.0645633188159,-100.04413427382424
3VYG,2359,-170.059152335466,-96.83912317730523
3VYG,3196,-170.01943723597714,-97.38251730668813
3X24,103,-171.25786257337074,-93.55975196992351
3VYH,109,-165.8089021819509,-91.36849842398695
3UIP,91,-107.75665961437308,114.23939936476599
3U7N,110,-153.6680097892498,131.65696628622405
3WVD,102,-171.72133606943572,-94.27926781228848
3UK7,310,74.71378753588988,-112.60220687357098
3UK7,813,67.87979582746982,-108.34117599910205
3UK7,1312,69.18431991083834,-113.6563403946579
3WVE,98,-172.80145945642363,-93.98757970739061
3U7M,110,-155.97854644318258,131.850581862252
3X25,103,-171.00309381342097,-91.75376153702163
4AY7,71,-157.57919496307696,161.41149822339455
3ZJF,97,-66.72661896956066,-23.718098045082076
4AY8,74,-157.37214510907197,172.3119046094107
3ZJG,97,-64.86810881276288,-25.731429357575195
4AGI,242,-107.6306302633441,122.8292323791458
4AGI,870,-108.67644784182649,132.09841836856353
4AH4,242,-113.3954265261798,119.81152474015747
3X26,103,-174.9674753886737,-93.88907900704876
3X28,103,-173.008770720338,-97.42303164957337
4BPY,44,-66.85954065128699,120.86689951326946
4EKF,109,-45.366203968747456,-51.36903055555319
4FM4,100,-161.50645433293573,-76.97210739009
4FM4,102,-73.8523213033051,127.62294528935011
4IW7,296,-133.58183628012438,137.11492793526944
4IEF,495,-73.94348891729953,152.80204712875445
4G2O,157,-56.881904537730016,161.36951550434375
4I07,29,-50.44484488845032,-39.34820265188017
4GE3,110,57.886991507919774,-135.63300384460905
4GE3,517,58.060141691253804,-133.22234767654226
4GE0,109,75.03934324666216,-108.94101737451999
4GE0,536,74.17687981909324,-113.72891901197019
4NJ3,160,-66.46948069947246,127.01923638794871
4N12,104,78.3981903026646,-106.7589269216489
4OB0,109,-165.26665881317768,-94.45126799821452
4OB1,109,-163.73942658774706,-93.26849385179426
4PSS,109,-135.49878542053474,121.61996667837103
4PIO,271,-66.3740578404905,138.17042594938053
4OB3,109,-160.02067636510301,-88.42089282072783
4NT8,98,-138.7968228382879,139.90741814917848
4PST,144,-136.52951291772158,124.92628547513429
4NYP,28,-178.24342818761727,173.2784493879733
4NYP,234,-169.49545348639683,164.99991581325213
4NYP,454,-165.60974553048896,156.79863372076528
4P2G,104,73.50282091768659,-108.56273806912861
4OQ4,104,73.84080522952635,-116.75508279594759
4OB2,109,-164.60924884580137,-91.57900760760337
4ORN,66,-50.98009972640889,-26.671751541305575
4P5P,131,65.1647766720969,-130.6319325969707
4OMR,145,-155.1243432715997,140.035814052758
4NYO,28,-176.55563928168817,177.8409631917756
4NYO,239,178.94012597721212,165.0883845998097
4NYO,448,-176.78657513344484,171.962014010025
4QIB,94,-152.9919157801036,147.35449645540268
4QJE,285,-55.82814260609176,-37.091901190784654
4QJE,2483,-53.0930781798332,-40.24014781981749
4QJE,3603,-52.55135282410841,-40.09826760596598
4QYT,109,63.13148943285239,-129.4025764843026
4QYT,511,64.08947122179038,-130.02278635902508
4PSY,151,-139.59538682659337,125.22334563686385
4U2C,144,66.47273058463932,29.809032906338686
4RGC,151,-131.3642910538089,125.12752659801544
4U85,94,-141.42591073026153,147.6747320229483
4TTG,238,-126.59161003006656,158.52538958142102
4TTG,2424,-126.16537348488043,160.98114879155148
4TTG,4597,-125.53876760385639,158.2791142599667
4TTG,6751,-126.16730169686002,153.93033352732775
4U8E,71,-160.53574708786886,-161.76782659137214
4RYB,112,-59.12716005513031,-26.28961596284712
4RYB,473,-59.73397136500187,-26.408239530476383
4V2P,113,-76.65198555857963,-7.774024051399529
4V2P,826,-72.83416180815766,-7.577095919891983
4YUF,115,-9.981290663171908,-53.75408387715472
4WQ9,91,-87.71917105307183,-11.581415406836308
4Z37,178,-65.72874057398558,-13.539553510838932
4XLL,102,73.96841818555438,-118.78105426578456
4XLL,404,72.86264580793333,-120.2979016354023
4WPZ,12,-91.97164722254952,1.869562785441061
4WQ8,91,-75.46286661351553,-23.175609530305955
4ZGD,100,-167.40948051743206,-89.01471695062098
4ZGD,102,-64.83792686613803,128.05177429347842
4Y0N,103,78.17776260006326,-110.65241403625662
4Y0N,302,80.54921622645,-111.49210848614626
4Y1F,103,81.36545716131563,-112.73634985642835
4Y1F,313,77.32399198505277,-112.46796390358915
4Y1R,337,75.58574969444953,-109.95618523961838
5C7I,149,-52.46791539633549,-43.75298627786291
5C7I,698,-51.63459071121972,-45.88382372338234
5CPD,98,-138.7532347329216,138.6906014424962
5GK0,123,-54.00046007368606,-35.60182443905597
5GK0,696,-46.92551876135874,-36.411266241213404
5G5G,1329,-77.1340789979497,147.28404839711817
5H5S,39,-111.0717988540851,153.16908126975483
5HWR,113,-82.40223107022265,4.382724773118664
5E68,80,-79.57251968758669,-6.091617068698832
5E68,369,-81.06768648203692,-2.8157089314925936
5FQA,157,-73.75490417991374,-11.703351366191523
5FZO,157,-131.02127396631997,117.93612079538855
5F8C,297,-61.035080380222,-42.617268079224885
5F8F,297,-63.63131294050266,-42.724790074254074
5F8F,873,-59.39941005607569,-40.227432870482254
5IPG,45,-74.54731359865987,-30.21446705294836
5IMD,47,-68.97898055522771,-33.503271292284055
5IZD,280,-63.96127142458425,-18.649325350044208
5IZD,958,-57.06147348602289,-19.596330538710323
5IZD,1615,-61.70249553285962,-16.447819371215253
5IZD,2207,-66.60431528604248,-16.514885208549426
5IO0,45,-73.1475479705838,-32.283425326450214
5INY,47,-72.5235851757377,-31.120037048780286
5IMZ,47,-71.94104352523718,-34.5449654790193
5IOW,45,-74.41429332356896,-32.507860097612756
5J78,248,-61.02793086996258,-24.302115783217527
5J78,1033,-60.854295437622106,-24.975998931860502
5J78,1826,-60.382205253189824,-26.056407813668656
5J78,2600,-62.305144421088066,-26.950841352475788
5IMF,47,-62.24019659180976,-41.05528891416176
5JSH,680,-166.9881424581702,113.20744508059465
5LRY,574,-127.09155063457575,99.9630266776308
5LRY,1640,-126.83001302665905,98.15892921796465
5JQN,145,47.15572715045693,-118.85481697273104
5JSU,1041,-138.24125143838134,96.61012622908925
5NUE,989,-82.59576912214419,-16.092404646363835
5NAI,167,-76.19716698148811,-6.835550478072418
5NY7,60,-62.695722216227225,-44.35238153178543
5SYA,103,71.54376433183323,-110.17334428340465
5SY9,105,73.18697416996375,-106.21812274863841
5V5H,40,-67.84300753688508,-15.77145106526786
5VF5,62,-128.0130606397797,161.26034359234617
5UC5,162,-65.80928975461967,-20.151485481436314
5UC5,726,-67.47380870409758,-22.018246116188653
5UR0,150,-56.13752335362158,-42.823947940318135
5UR0,301,-159.43241125292624,157.9486077062852
5UR0,807,-58.482802773829846,-40.75709497375867
5UR0,958,-142.5866369161448,151.23944350087916
5UR0,1464,-55.66046650091365,-42.356693812378374
5UR0,1615,-136.9345371623111,155.80240281470543
5UR0,2102,-54.998897861730285,-44.48551423806099
5UR0,2253,-128.45870629075628,147.51603904412713
5W3V,324,-118.07801343451342,142.12733215775518
5Y0T,41,-103.68477475924954,176.9175279984818
5Y0T,696,-101.50418579025678,175.42669169660795
5Y0S,41,-105.71251592375299,-177.8044002691553
5Y0S,657,-105.3204097112486,179.8610884229404
5WSF,105,-144.13483200865846,119.32885395706995
5WSF,336,-142.28082988840515,121.63743318700352
5WC4,149,-76.39522880013139,-8.590568591406061
5WC4,1070,-74.63167699193446,-6.158431242972353
5WSD,109,-139.42206472409595,122.15226156755531
5WSD,344,-144.92607487304858,117.55152202828575
5WSE,105,-144.24939399497515,119.56031032735197
5WSE,341,-143.59633151916142,123.33532112445835
5W8Q,149,-73.5052408359052,-7.108285397794015
5W8Q,1126,-65.6758914437303,-8.502108282871596
6B6L,75,-85.222150374723,134.74069803487336
6B6L,440,-132.47632640970667,47.94378512326474
5Z3D,193,-95.77249524073918,117.25355534343964
5Z89,92,40.768396529299025,-119.32222553939785
6BKA,52,-63.529356534671344,-24.006109384306324
6C9U,202,-63.63341318546725,-17.127515297689165
6DXC,150,-61.58378223670945,-3.8125046626178425
6DXC,959,-85.66439662278172,-9.127352510087285
6DXB,162,-72.70357805286164,-12.727893952944763
6DXB,982,-71.21622448680822,-14.162181177380186
6ED0,132,-65.7867027710886,128.96784499921066
6ED0,322,-68.72839888542607,128.20510417952428
6ESZ,139,-79.24536030935083,-11.667346332351952
6DXD,162,-90.35753713437478,-12.387478482161685
6DXD,1014,-56.83619235329357,-9.542854239459173
6DXA,165,-73.87654049083955,-9.934101347007832
6DXA,907,-67.82306111611697,-12.211734335906797
6DX9,156,-78.96540452769976,-8.29061234523774
6DX9,877,-71.61478963827646,-14.436194746153953
6G5M,49,-147.47489985396197,73.83680804024573
6G5M,754,-124.59528285630202,87.96490782225645
6FXS,68,-132.25032976459653,-161.021011195825
6FTQ,190,57.61080063977394,-123.76369690541928
6GW3,154,-70.6826273797933,-11.600989867671599
6GW3,888,-71.24360996877215,-10.020093535815315
6N1A,92,-170.66899860055142,157.24494167687573
6IL2,88,-159.3670384610636,126.1584721940788
6ISQ,108,51.636515672607224,-127.99308966963747
6MU0,69,-147.94868074377948,-177.7291103914613
6IKT,88,-150.77613430657172,133.09030304243845
6I7R,88,-140.15961242172372,123.20678575343206
6L2E,109,-141.5149255475591,119.82463197470624
6L2E,373,-143.65120584776034,117.3800094109291
6K5J,259,-53.16816578222013,122.81347470595438
6L2F,109,-138.42632943287327,127.51522237730676
6L2F,330,-143.0660663922603,128.00889633312104
6IL0,89,-152.6507687023825,130.47734431170556
6IKY,91,-153.3459986096771,135.5924751356651
6I7Q,88,-144.507690500574,117.25335986737936
6JFO,110,-148.89097442942082,136.15925513750005
6MTG,135,57.81403387239978,-121.62381923222156
6MTG,716,54.79302779503451,-112.37128035617029
6L2D,109,-140.75568475415716,118.46663568939863
6L2D,350,-144.80563460569928,123.50126926415729
6PT4,49,-61.942513278791345,-67.5029498189451
6PT4,917,-62.0932723049027,-65.54058879748527
6R6U,351,-46.309408574238,-34.1268495295924
6R6U,1103,-92.2759139576799,-13.49404012603185
6RTP,656,-161.76237137556038,116.39089196126632
6RIZ,84,-115.01855304603944,143.142161304885
6RUC,596,-162.25082446492883,124.16757861033392
6UTN,148,-61.0521357857946,-40.05035635318773
6UTN,757,-59.20633300241474,-42.015237723192435
6YCB,24,-57.50578781951366,-32.94431386291013
6Z7R,395,-154.76655823629812,118.59611400839792
6XKH,144,-49.671449912575206,141.03632982254774
6Z8J,533,-163.19528260887463,114.63478118561838
6ZK6,119,-152.84509123656503,128.17410009413828
7BUR,163,-78.55752824327348,-11.85374477937591
7BUR,908,-78.10529607124023,-17.36086601389991
7KJ0,49,-51.84879551656334,-56.159967233407585
7KJ0,433,-57.53741336594888,-52.7659181617433
7KJ0,819,-50.031529728482646,-54.38572129560751
7KJ0,1180,-48.54962019134274,-53.491775536949966
7KJ0,1539,-50.338035877773414,-53.257413135956895
7KJ0,1933,-47.90078602965153,-53.964333173916124
7KJ0,2333,-53.87341617149638,-54.62745271442307
7KJ0,2658,-52.88565493547372,-55.70451546851972
7KJ0,2994,-57.63470029761466,-49.905569116800564
7KJ0,3357,-47.34406942556654,-54.7039382131323
7NAY,54,-69.98458139977537,148.09339610278343
4ptj,151,-133.44574648011306,126.01622015597363
4pth,151,-134.90702356960153,125.95977547800094
1BQ6,162,-70.54373570134322,-15.925689435392057
1BI5,163,-66.4315255827025,-18.877830919926186
1I88,163,-71.49074316155581,-15.61865092480509
1I88,947,-71.46850590305137,-14.819270825806589
1EKK,197,-58.012996303165366,-52.78085326853829
1EU1,215,-120.57492563857117,131.52421372551828
1EE0,149,-65.40364574528314,-9.085545669687713
1EE0,782,-65.9648036031129,-10.382192662892205
1I86,163,-71.30671220381446,-12.090094906616466
1GZ8,169,-60.79294681497883,128.00734914826924
1DNC,45,-42.68127449483551,-62.41407436685851
1OBB,172,-144.79479058895416,156.3659371445275
1OBB,979,-143.3040339438327,166.16190528368205
1OBF,153,-54.152572064182955,-45.997379030359554
1OBF,738,-57.08394114329616,-46.928787549107525
1IRE,109,-164.27832048180258,-90.66736718259516
1MHW,24,-52.73460030960822,-35.6249422362504
1JWX,162,-51.619550920173246,-24.500038629978924
1QFM,174,-93.56542263885169,163.05136481907937
1QFM,600,-132.80794538366663,135.41927649279756
1R7A,355,61.81838928477232,29.999282195434375
1R7A,1570,61.04025046254534,30.53005966268853
1SOA,104,73.77208080476264,-109.22071671190872
1TVZ,109,-92.3702536395315,12.045593350662871
1Q79,17,-55.41398134098546,-46.147851088555335
1Q79,178,-71.05252491742324,-46.257733748780865
1Q9U,57,-141.25034908917056,143.11305817504493
1Q9U,352,-152.13691260243658,137.6152643787212
1OKI,25,-135.13907867743748,122.19539727390789
1OKI,412,-137.6830110713895,123.04064467602528
1OCH,154,-63.8843307842124,-6.765652908089137
1OCH,990,-61.78163173464063,-6.7325979838811385
1Q1Y,110,-138.72453788517754,138.44328013208604
1UKK,55,-57.772981594059765,-52.80379742575133
1UKK,305,-52.99418422450018,-53.47102728259294
1U9C,125,68.52519104958094,-108.54570105183365
1VJE,74,-75.10368445399003,-5.719898942285442
1VJE,346,-74.16181701880069,-9.21765008182261
1UGR,109,-169.6305273129397,-92.87148844843561
1UGP,109,-167.0467108845719,-89.47653060231632
1VGX,74,-77.22839752169781,-6.36846697794364
1VGX,306,-73.8492495740641,-10.771437992187721
2BFZ,156,-71.07181088472106,1.985169585658368
1YSL,110,-78.92255100849097,7.93460172376167
2AHJ,102,-176.04316777895824,-88.79147407806335
2BC0,60,-57.706161439767556,-17.249203358763474
2BC0,834,-56.227761992499474,-22.136901246979555
1WUO,155,-92.65234275992964,19.952254459253698
1YM9,93,-128.15420705131982,-144.95006271554922
2BG6,156,-81.41527516970876,9.99021551323578
2CZ7,103,-167.13999589030894,-91.51271389911928
2DD5,675,-163.3228217385744,-97.38753984144375
2DD5,1673,-163.14713403015398,-96.63373449086582
2DD5,2693,-162.2931925581003,-96.25856428763754
2DD5,3761,-159.75398669021777,-95.39995193184514
2D52,176,-71.75013831232027,-6.603744262165126
2D52,876,-72.06839727518579,-8.600037127446846
