CYS-ID,RES-NO,PDB-ID,chi1,chi2
0,0,2IMZ,-57.52411228298352,-51.86398159704619
1,0,3HJ0,-157.27374454419706,-179.94657630887284
2,0,6TYY,-69.40109642417202,49.43130874620679
3,100,4FM4,53.30380321620591,-71.97179520095325
4,100,4ZGD,48.180455712915375,-62.29322495150955
5,1003,3NRA,-158.13950789301617,-60.04798174941462
6,101,2X1D,-43.189202234078905,83.83797483200401
7,101,2X1E,-47.45273760428162,88.64538398944212
8,1014,6DXD,-65.07874177952984,-174.1311469238538
9,102,2AHJ,49.63706440195331,176.54542013175796
10,102,2PVZ,-166.99262361172023,64.22614663503795
11,102,3WVD,55.30912318490888,172.20434896154848
12,102,4FM4,-52.00861032530558,-78.6968857481342
13,102,4XLL,174.78433635374847,141.14885634372467
14,102,4ZGD,-42.553047302052114,-66.80087817597766
15,103,2CZ0,46.42500131896389,-69.18460463917954
16,103,2CZ1,52.33228126875762,172.2464481226363
17,103,2CZ6,50.84447529688619,170.49951544100273
18,103,2CZ7,49.1311386300995,173.2529792532491
19,103,2QDY,54.92725239471008,-73.17732961373409
20,103,2ZPB,46.61516701800226,-70.12700325396487
21,103,2ZPE,46.90488611719084,172.61669870387357
22,103,2ZPF,46.76904669675166,173.51970685760355
23,103,2ZPG,48.3551613842779,176.32560701488893
24,103,3A8G,53.54673921466077,172.14069212681386
25,103,3A8L,51.32347020646949,172.73746082174137
26,103,3A8M,52.640051339328345,172.63925119750814
27,103,3A8O,54.488366854356606,171.9782372468324
28,103,3CYF,-174.29174644689925,156.9172966259242
29,103,3X20,53.49771140654563,171.89190140972474
30,103,3X24,53.6025541864709,172.75975053683408
31,103,3X25,52.89941201451897,173.29469138261686
32,103,3X26,47.536897176186756,176.89254474591115
33,103,3X28,58.30641902307612,172.72311307490125
34,103,4Y0N,-169.80701112533237,146.51286393464943
35,103,4Y1F,-174.84229161716462,154.5132994087568
36,103,5SYA,179.94277100655592,154.97696787747876
37,1033,5J78,-84.22144570814841,-81.52054482871387
38,104,1SOA,177.21577860132675,153.26824974381594
39,104,2CYZ,50.55387689326301,174.18381658359854
40,104,2RK6,177.7446770715133,153.79957985832
41,104,2ZCF,50.967233171452655,172.8271580914814
42,104,3EZG,-177.52715177413324,151.32663077891374
43,104,4N12,-173.52061423821436,172.21876539787746
44,104,4OQ4,-172.35448774637788,155.35391047618708
45,104,4P2G,179.0616112385093,157.9541592869233
46,1041,5JSU,-177.60782443207037,82.16941566762266
47,105,2CZ0,-46.22686449490762,-74.04247164248574
48,105,2QDY,-46.78664405475473,-70.34695662150838
49,105,3A8M,-49.201609672413426,167.33962320369614
50,105,5SY9,176.6533517382643,153.7571563776943
51,105,5WSE,-172.28745835769325,-70.90946045112513
52,105,5WSF,-172.23213080334952,-69.15018845206937
53,1070,5WC4,-76.54769058109281,61.92482740187014
54,108,3QXE,59.84472447660577,165.3108451663104
55,108,3QYG,55.74084795819788,168.62070074168182
56,108,3QYH,58.070477925770355,162.49095858361005
57,108,3QZ9,50.03912569174212,160.36318249277983
58,108,6ISQ,-161.64094501437467,7.942250302738379
59,109,1IRE,45.26975764071602,168.01135952449906
60,109,1TVZ,31.57627779920698,-136.25084931404962
61,109,1UGP,48.02259610035859,165.39784059470372
62,109,1UGR,48.37644425670173,164.86245080024474
63,109,3HHT,58.1249803932069,-75.28205624845475
64,109,3VYH,56.89485794954771,165.18521909830972
65,109,4EKF,44.504057318032366,174.7765450991983
66,109,4GE0,178.46145834926904,152.19240939140997
67,109,4OB0,57.18266342476658,173.4584787294795
68,109,4OB1,57.40436355007248,168.9862464270591
69,109,4OB2,58.13205451679249,171.25946750740576
70,109,4OB3,53.752104584716,171.18144864604474
71,109,4PSS,-176.67158167980108,-145.2054910349317
72,109,4QYT,-175.3244413125376,158.47369068084598
73,109,5WSD,-169.73602660168186,170.0497909938452
74,109,6L2D,-172.81023144386856,178.00657816684011
75,109,6L2E,-170.5084753184262,170.23579871581683
76,109,6L2F,-177.27746115587271,171.06850743605952
77,110,1Q1Y,-161.75807724283843,-173.23231735948124
78,110,1YSL,-15.408671242624216,99.26392585098122
79,110,3QXE,-46.53022332226917,178.17848929854077
80,110,3QYG,-47.060580524564955,-178.3680842349578
81,110,3QYH,-50.9099993932406,-177.87113256565695
82,110,3QZ9,-45.11359515462869,-167.48249644527505
83,110,3U7L,-163.87413376900503,177.77457387192868
84,110,3U7M,-160.8581751183947,176.03194217991035
85,110,3U7N,-161.65465017963527,-177.0731741338625
86,110,4GE3,-172.6674308609057,161.56288434639038
87,110,6JFO,-165.81673059289844,-67.57172060202107
88,1103,6R6U,-81.8200284237909,-26.801208018574236
89,1104,3SMH,-163.99606275762974,99.30277629156384
90,111,3HHT,-48.60105426236521,-69.54684282082876
91,111,3IL9,-51.797228818026284,67.0734075745941
92,112,4RYB,-36.895009701063735,-61.14039839784381
93,1126,5W8Q,-82.14865016345564,64.36437997018925
94,113,4V2P,45.784317125565,-60.11170049746128
95,113,5HWR,-39.0106116970076,79.2457101042252
96,1142,3H4H,-58.162223710896995,-97.67265328070482
97,115,3T6S,-41.62009675239727,60.89685292385755
98,115,3T8E,-40.29131287700899,61.511637114578285
99,115,4YUF,96.64100854149044,-74.79780782044416
100,1180,7KJ0,-62.776493832647475,-58.574722022806576
101,119,6ZK6,-169.12406198199042,35.41667402316794
102,12,4WPZ,-77.30815502020045,-24.690339801512604
103,120,3OQP,-47.13263652269605,-51.37602475881915
104,1227,2G82,48.79267765434196,-48.818080967727006
105,123,3LQY,-44.82889973307075,-158.64822675438776
106,123,5GK0,-53.51244802452352,168.22235905270452
107,1245,2VYN,45.6978091940281,69.7453639442718
108,1245,3C5Y,60.059937534927016,59.55796765962488
109,125,1U9C,172.8783006555309,160.96579120148056
110,1298,3WEU,-53.67997001775573,-71.58200213259623
111,131,4P5P,-175.5237832192134,146.07678049865856
112,1312,3UK7,-168.4194913493734,116.49653656356905
113,132,6ED0,-178.44333853276402,56.27604855826904
114,1329,5G5G,-56.00332713494339,-174.64128999397224
115,135,6MTG,-175.717247271508,47.86654554174733
116,1351,2GDU,-55.61608782131658,76.50568146604104
117,1384,2VYN,-74.81581636998203,166.824369788158
118,139,6ESZ,-53.544083372903025,-76.8217810096639
119,1419,2DXB,56.46314439339681,164.15858930995773
120,142,3EUO,-72.1528304075671,-162.68499052749314
121,142,3EUT,-68.01904649212686,-163.78251048407705
122,144,3IW3,-162.97467830432652,-95.18602272550078
123,144,3KI8,-164.822733662746,-87.6615524090099
124,144,4PST,-176.6322172046808,82.6301457976542
125,144,4U2C,-61.31862909053134,-95.71355958084851
126,144,6XKH,-47.242712895744674,161.75706171010958
127,145,4OMR,78.62774605586468,-140.1584785479595
128,145,5JQN,-172.5242704605142,-100.12672137955923
129,1464,5UR0,43.897370319355936,61.82677831409836
130,148,2G82,44.960942762085274,-44.80871004770437
131,148,2VYN,44.822767127789255,81.34813290983776
132,148,6UTN,59.077427795058476,179.66686168406122
133,1489,3VYG,55.34463316535808,-81.37747440975741
134,149,1EE0,-79.84967413276857,-161.9405561150876
135,149,5C7I,41.7789475001317,161.61104490634474
136,149,5W8Q,-83.58452643011064,64.04235729141959
137,149,5WC4,-83.08357031521955,61.053333154809906
138,1497,5G5H,-55.9393705318534,-166.0506257072631
139,15,3I1H,173.84139922262182,-84.21159438973254
140,150,5UR0,43.219724584786206,58.113371446000606
141,150,6DXC,-65.0136080894418,-174.27873056600592
142,151,4PSY,-176.24909397919618,-146.70652927534726
143,151,4pth,-169.93875575695998,122.1079041323243
144,151,4ptj,15.298097085399283,136.97864544440418
145,151,4RGC,-176.28139100290878,94.81117899139754
146,152,2NQT,55.773853464074136,-57.10125720612561
147,153,1OBF,59.19126485891007,93.69248386218612
148,1539,7KJ0,-59.661390353994825,-51.68949744769807
149,154,1OCH,-52.05483056051491,-50.40982879599481
150,154,3AWK,-55.07824003426244,-165.18776282099748
151,154,6GW3,-83.38444175778808,-171.95952355059356
152,155,1WUO,-1.8346224339169743,-164.37781250139233
153,155,3BC2,-70.32089787997664,82.03065998836077
154,156,2BFZ,-91.22335438896545,-177.0189779763007
155,156,2BG6,-98.39829773979861,-173.11976375136828
156,156,6DX9,-78.65097194301494,-172.23949379023904
157,157,2R3L,-171.7413519379779,81.06389318982288
158,157,2R3N,-167.060493328284,62.11664539377171
159,157,4G2O,85.58287034050359,148.2099998142067
160,157,5FQA,-55.88958108473844,-174.8284808117436
161,157,5FZO,-154.70889052204495,-161.94283273254572
162,1570,1R7A,-54.61420395858224,78.30305557194566
163,160,2R3K,-171.80866168724404,77.35274893878635
164,160,4NJ3,-174.90885460753566,73.9357414146771
165,161,2R3J,-172.66721345475116,75.07445668673701
166,161,2R3M,-170.22692077118413,68.5601155682559
167,1615,5IZD,-52.621232642646504,163.10380664418167
168,1615,5UR0,49.42183746311934,-36.51509420234564
169,162,1BQ6,-72.19319919115735,67.13343543123149
170,162,1JWX,-82.38234380965612,75.58308943260654
171,162,5UC5,-68.71657185291495,68.35070211114571
172,162,6DXB,-79.57555844290123,-174.0607448291663
173,162,6DXD,-84.6505070306132,-176.15519374765094
174,163,1BI5,-73.95596180327402,70.13137925844539
175,163,1I86,-73.96345618008951,70.88391007617145
176,163,1I88,-81.64951502626757,70.84800583137012
177,163,7BUR,-69.0628031951824,88.93402102975011
178,1640,5LRY,-165.4135689828583,70.19445104405914
179,165,6DXA,-79.35633810232126,-175.9004737393772
180,167,5NAI,-84.95537685189996,167.6673008633726
181,1673,2DD5,48.48760393612371,170.8859937429162
182,168,2R3Q,-171.68036937484865,62.97498516233255
183,169,1GZ8,172.84726867639029,32.67178863846871
184,17,1Q79,-178.62808590314845,-92.851622053949
185,170,2R3I,-170.3369328187656,62.65806264620817
186,170,2R3O,-169.50690155370728,74.30132495001365
187,170,2R3P,-173.53100009508427,67.4600320298661
188,172,1OBB,-167.3127490176633,114.05326460616052
189,174,1QFM,-76.82017221987698,-52.190194296682385
190,174,2P0U,-59.14231823920095,32.13860814634594
191,176,2C9H,-41.63879727981099,77.84208073552128
192,176,2D3M,-77.98948121179443,-159.30692738126484
193,176,2D51,-74.60698618709588,-156.46493892416422
194,176,2D52,-76.54604942373835,-163.46160779158336
195,1768,2VYN,35.674008987176535,88.08899759811777
196,177,2HL8,-66.62339166466698,72.87564961727624
197,178,1Q79,-64.85087935656367,56.88287478059996
198,178,4Z37,-42.708440353746596,51.12874353907501
199,1796,2G82,47.41504095853269,-48.57035710278639
200,182,2FHX,-70.53124228303878,-48.11139801676286
201,1826,5J78,-81.07867613434786,-85.18169414635774
202,1860,2DXC,54.199884861442136,-61.95027150843098
203,19,2OJP,-167.63763307920135,-72.91018207915154
204,190,2EG3,41.83906065029522,162.49962269830388
205,190,6FTQ,-163.884495240287,22.933137287547947
206,193,5Z3D,-163.2996321155885,54.958677668853824
207,1932,3H4H,-55.31981598340133,-99.16370187683498
208,1933,7KJ0,-61.04937557768222,-50.81926213663011
209,197,1EKK,-52.76713533055329,76.10207630090162
210,202,6C9U,-55.47685121305433,175.1741433443884
211,2102,5UR0,41.124798132446045,56.12263269479332
212,215,1EU1,-99.57122632630636,-160.6025028735499
213,2207,5IZD,-45.133114152116065,161.85997398665202
214,2218,2ZZD,55.08463934370932,-74.08434569456448
215,222,2HAI,-144.62363569090212,-45.096051212654785
216,2220,2ZZD,-44.78822913084851,-68.98686840467366
217,2253,5UR0,44.78887032544269,-17.281430040037293
218,2291,2DXB,59.35840946941445,166.54829643868487
219,2333,7KJ0,-56.71887161593171,-66.53110700531681
220,234,2GCU,-172.67338890647397,163.0810561494853
221,234,4NYP,110.30700326696662,-59.389260723993615
222,235,3HJ0,-156.0709277015296,-177.43454582172086
223,2359,3VYG,49.426673430232334,-78.50537995921097
224,238,4TTG,-85.99388993330174,-176.84663405160956
225,239,4NYO,85.50941997898362,-38.92237677709975
226,24,1MHW,41.06949708970018,-70.38754187130348
227,24,3BC3,38.71882081968565,-85.26945250599958
228,24,3P5U,41.76811215996065,-77.3370891877299
229,24,6YCB,34.21544598249835,-64.08736766163092
230,241,3SMH,-166.97688601350896,101.64907227697121
231,242,4AGI,-55.98884125930392,79.58747362838662
232,242,4AH4,-57.71760044042175,84.50992074466609
233,2424,4TTG,-80.00257935836221,176.5044148613872
234,248,5J78,-88.3884941122607,-82.58109504527589
235,2483,4QJE,61.187341505158216,-137.33901673457535
236,25,1OKI,-169.83211341114855,-60.79725453686111
237,259,6K5J,178.77983664517717,172.46210256524512
238,2600,5J78,-85.74676768147675,-84.65365693864645
239,2658,7KJ0,-59.315881387027666,-64.03472997883003
240,2693,2DD5,45.542506407947435,166.27353833262524
241,271,4PIO,-69.6423694298607,-171.00475937674742
242,28,4NYO,69.26028015204851,129.50661421521392
243,28,4NYP,89.47432640345677,133.52299117450514
244,280,5IZD,-55.770216231463166,161.80673596079953
245,285,4QJE,-67.061608335907,149.96667094966546
246,287,2VYN,-74.81177788054953,-96.8936754312684
247,29,4I07,42.498437587940934,41.606432852249945
248,2952,2DXC,53.942041571693494,-67.57430933405351
249,296,2D5F,53.44645525858018,158.82084743287373
250,296,4IW7,-178.24981325290625,68.59954253066347
251,297,5F8C,-60.53488876283205,-99.42653184836166
252,297,5F8F,-76.3641431195607,89.30613713535486
253,2994,7KJ0,-57.3023022012379,-51.25326753421719
254,301,5UR0,55.19929952426649,-64.22541046684927
255,302,4Y0N,-172.44234592984017,137.8599760679161
256,305,1UKK,-179.32972036102956,76.66401106210706
257,306,1VGX,51.53355990023232,70.48103187296864
258,307,3H4H,-53.46276119266517,-103.98239375006477
259,308,3H56,-50.66981075508404,-52.08251936710905
260,308,3NRA,-164.887143079002,-69.659969894278
261,31,2Z1D,-169.1677927477019,-156.03877719299672
262,310,3UK7,-162.70133008933607,104.98045056042591
263,313,4Y1F,-167.36668782022323,143.73527302597716
264,314,2IMZ,-54.567223796292254,-49.82255590487095
265,3145,2DXB,55.01611702125479,160.25952243196772
266,3196,3VYG,48.95905421401047,-77.33414804004369
267,322,6ED0,-176.60712241795196,50.09808644048879
268,324,5W3V,-75.6100747901115,3.5680614607114243
269,33,3F5V,36.34668121370107,-58.4274378618801
270,330,6L2F,-178.2337244171044,176.2635460796065
271,3357,7KJ0,-61.77256574738301,-59.71270477655452
272,336,5WSF,-171.92459486300731,-177.66824298279562
273,337,4Y1R,-177.30796992565183,150.41226315813867
274,341,5WSE,-172.22872085315362,-68.4960768524155
275,344,5WSD,-171.9796507140458,169.65546957047576
276,346,1VJE,52.88818675230144,64.00825069018524
277,35,3PG8,-109.33491807264882,-50.10183516785842
278,350,6L2D,-175.47892881085355,177.81268658408322
279,351,6R6U,-62.32818696156966,-154.0557791457795
280,352,1Q9U,164.81369213371363,-60.74824183774076
281,3532,2ZZD,55.73167054827031,-75.87657695400101
282,3534,2ZZD,-44.2790016460977,-68.91875934463961
283,355,1R7A,-55.319688243295246,81.18868932798827
284,355,2GDU,-55.65916846089824,82.50253947662566
285,3603,4QJE,61.5718692053703,-136.74785080760543
286,361,2WLR,62.93717456855491,-84.21716118598826
287,369,5E68,47.6305766918395,-178.89355298416365
288,373,6L2E,-169.1343328516786,177.0279293678917
289,3761,2DD5,45.875701849515536,170.59689770682914
290,38,3TKK,178.36275108897658,-11.846069728693768
291,39,5H5S,-162.2417476019968,8.59155855449492
292,395,6Z7R,-152.20432670032287,
293,40,3PHU,40.8261790358921,62.083042819325144
294,40,5V5H,36.49225048101208,55.70230687319536
295,404,4XLL,174.8321620367697,141.5707411050921
296,41,5Y0S,53.65132856317034,170.33790343795877
297,41,5Y0T,52.87224649601407,166.22817332817618
298,4108,2DXC,51.9452943810406,-74.10494824772707
299,412,1OKI,-169.9695573171828,-55.54332990369247
300,417,3PG8,-110.46923624699463,62.60432708386563
301,433,7KJ0,-58.448442469980655,-67.97795913376368
302,438,3TB2,-67.86976226627445,-40.15981189945549
303,44,4BPY,-161.76690392209883,-160.29041597614278
304,440,6B6L,-145.56984339038243,86.01954681673911
305,448,4NYO,81.684954467382,-29.076745536215366
306,45,1DNC,-53.85639974080865,57.78859025210206
307,45,3TB2,-60.91916715355755,-45.8913075205362
308,45,5IO0,-63.49094141798884,76.70298237990283
309,45,5IOW,-63.3409777116888,73.6029075036098
310,45,5IPG,-63.36987670163009,80.17058874238312
311,454,4NYP,149.15260630003928,88.75324660321535
312,4597,4TTG,-83.17356636265087,-178.81194379994588
313,47,5IMD,-57.34092057139827,60.99090132007095
314,47,5IMF,-58.02405805316696,59.61038770338875
315,47,5IMZ,-59.54340332135128,59.591162673610995
316,47,5INY,-62.23678379234544,75.65080414776007
317,473,4RYB,-43.52250364881125,-66.49474452165973
318,483,3C5Y,51.14691833792369,62.57836187988788
319,4883,2ZZD,54.91895273083148,-74.84318582018703
320,4885,2ZZD,-45.517252250256455,-68.65967597086158
321,49,6G5M,-118.07231455220641,26.208228814089516
322,49,6PT4,-52.44219291018576,-40.869204166301515
323,49,7KJ0,-64.211995057971,-48.09121661346694
324,495,4IEF,-44.59157345732808,-76.55591420928017
325,511,4QYT,-177.32339787358634,154.48584193812164
326,517,4GE3,-171.24121046969665,158.9665230743643
327,52,2OPL,-69.93160526113006,-174.74312270887765
328,52,3SGU,-54.577586217760974,171.45089607471596
329,52,6BKA,62.49726692917216,-168.05433683348187
330,53,3WEU,-55.207308404441825,-68.00061717385748
331,533,6Z8J,-158.44044666992528,
332,536,4GE0,-177.85654675449436,149.01333562474304
333,54,7NAY,-167.74790352436855,-87.58887939144712
334,55,1UKK,172.871381581204,61.71800724959513
335,558,3IW3,-159.1375759527013,27.64775023720042
336,566,3OQP,-44.29918758212833,-51.902058892716674
337,567,2DXB,54.07244871465228,172.98542488408947
338,57,1Q9U,-119.23143214930111,-60.436226061101806
339,574,5LRY,-165.51277178760625,68.50505989892198
340,580,3VYG,58.697088872521185,-83.5983463244896
341,596,6RUC,179.05937665122448,
342,60,2BC0,-32.95051122816759,67.68012059819567
343,60,5NY7,-178.2351280997295,-112.36274218436076
344,600,1QFM,-162.8489719550546,-89.09322478326575
345,608,3IL9,-44.88408501846945,66.99449442618197
346,611,3KI8,-161.65502204933927,-92.19605272283484
347,62,5VF5,73.19949875584949,
348,624,3T8E,-46.56782592802821,71.03631144682262
349,634,3TKK,-174.0460014872151,-31.038993910917977
350,652,3TKS,-64.80462048806285,-55.5752370984822
351,656,6RTP,-156.1864157373136,-44.605916069831814
352,657,5Y0S,70.86091096719915,-165.969081053482
353,66,4ORN,-49.32360562981054,71.60060107750851
354,664,2G82,48.165373473248565,-53.55803530118179
355,673,3MI2,177.2813040690062,-161.98004740283287
356,675,2DD5,50.620667875875036,170.3276178235187
357,675,3SMH,-166.0355434107746,97.76742359397655
358,6751,4TTG,-82.19741611619942,-178.66043819249322
359,68,6FXS,77.86543092031596,-83.91665985457593
360,680,5JSH,-156.95564123277887,83.50203657110984
361,69,6MU0,61.97641699097579,-177.0119195503872
362,696,5GK0,-62.5639301843538,174.98665689054815
363,696,5Y0T,58.22815868331385,165.8741442021254
364,698,5C7I,40.595672308058354,111.33008067771763
365,699,2VYN,47.474804303543905,75.1685643851338
366,70,2H9W,-30.010227970264708,58.97619102768786
367,700,2OJP,-163.79000218479325,-75.01112847972901
368,71,4AY7,69.91163089438713,-154.75608194828519
369,71,4U8E,56.00623035906693,49.57245377936433
370,716,6MTG,-153.46336876061363,177.92686662757052
371,72,3C5Y,55.14235477546407,49.29176888807669
372,722,3EUT,-70.00732364522983,-155.61906660177
373,725,2DXC,53.89733160365475,-70.25435016685468
374,726,5UC5,-63.99530295304808,67.09593971392387
375,738,1OBF,56.93766101847885,-16.61745401835509
376,74,1VGX,54.27384991665998,61.06902197447762
377,74,1VJE,54.20276224914634,62.326788721507825
378,74,4AY8,70.36608109982646,112.66798391656026
379,748,2GCU,-167.7352974708817,160.71894274506252
380,75,6B6L,-58.892340760226894,-77.87823486778956
381,754,6G5M,-137.22473538263446,
382,757,6UTN,45.602052072837154,104.2338237188378
383,782,1EE0,-54.96069849810842,-164.81160428967965
384,80,5E68,49.37079986155731,-176.20426103250003
385,807,5UR0,36.14454715895612,62.90688813561614
386,81,3MI2,178.47550386796107,-165.4704780325831
387,813,3UK7,-166.9890348926231,109.56322846768089
388,819,7KJ0,-59.72364701748015,-49.85722274347851
389,826,4V2P,47.3143876440068,-58.794599876837985
390,83,2RIL,-171.50185481547913,27.913264046520588
391,834,2BC0,-38.978066603291175,67.62751902811823
392,838,2VYN,-82.39724351207018,156.10372325548158
393,84,6RIZ,-45.31307380063179,-41.189608213241016
394,860,2ZZD,55.12792415423553,-75.60179260787667
395,862,2ZZD,-45.64610552373192,-69.28502244197894
396,863,2P0U,-66.03709731108272,30.901926963176304
397,870,4AGI,-60.77410175154682,84.71237310066793
398,873,5F8F,-70.74354115570422,89.53681170763471
399,876,2D52,-75.97747480551452,-163.75323698502757
400,876,3EUO,-76.04709969279749,-164.56208168515982
401,877,6DX9,-79.77159620075884,-170.0772675578755
402,879,2D3M,-77.66287778318734,-162.37575319453003
403,88,6I7Q,-179.20065664296064,-68.22545906949286
404,88,6I7R,-174.18393654047358,-70.15578556866873
405,88,6IKT,-159.8422448678883,-54.91458070244668
406,88,6IL2,-147.27459661522371,-64.18218930367136
407,888,6GW3,-81.25969896361958,-173.02190144880365
408,89,6IL0,-153.8749489190776,-62.50713247993101
409,895,2D51,-72.97525579716813,-156.19618162160205
410,896,2PVZ,-168.27132653313552,64.33643174487369
411,907,6DXA,-64.87433751129376,-167.98804337114603
412,908,7BUR,-61.15921859741938,87.13044357747386
413,909,2NQT,58.75390238288945,-55.90780597171291
414,91,3UIP,-81.03527955001832,69.18749456890743
415,91,4WQ8,-85.07340239115261,-68.84136792809204
416,91,4WQ9,-87.62669097133293,-71.43266517759747
417,91,6IKY,-163.69325769398125,-56.77823009556261
418,911,3C5Y,54.09134843450239,70.45013674278975
419,917,6PT4,-50.4664364208836,-45.546950524600454
420,92,5Z89,51.958354687446125,-167.71418768914413
421,92,6N1A,-117.38879167308619,-80.12872734265608
422,923,2D5F,52.623147849483146,-61.343111325936626
423,93,1YM9,48.068271464329456,48.50558623055947
424,94,4QIB,-165.00400795195304,165.14642098573773
425,94,4U85,-166.74477123780792,35.76992246431493
426,947,1I88,-81.46550133921642,75.90123072325537
427,958,5IZD,-44.51688839211503,155.9679242178173
428,958,5UR0,14.0358015802315,-143.34414113382368
429,959,6DXC,-80.41303921583551,-169.07440467651006
430,967,3TKS,-58.12582985724219,-58.154336795415865
431,97,3ZJF,50.011477927066636,171.68781558556745
432,97,3ZJG,53.074735455456434,176.50397455923078
433,979,1OBB,-170.41492387674714,118.61761526263462
434,98,2D0Q,49.008507809838406,176.59637016052966
435,98,2ZPH,49.87019231544794,174.26616501691151
436,98,2ZPI,46.99135053391215,171.09667293013155
437,98,3WVE,51.5703109915939,173.20597674255927
438,98,4NT8,-163.79332952774593,-42.9048272440613
439,98,5CPD,-162.23285091330123,-147.65823526300585
440,982,6DXB,-78.11914406047451,-170.97287145198752
441,989,5NUE,-65.3914965245722,
442,99,3A8H,50.69093077612943,173.80546943864667
443,990,1OCH,-52.818992106572956,-46.73756544224437
